AVEL,AVER,1,https://catmaid.nemanode.org/?pid=129&zp=8100.0&yp=16108.0&xp=34992.0&tool=tracingtool&sid0=101&s0=0
RMDDR,SAADR,2,https://catmaid.nemanode.org/?pid=129&zp=14910.0&yp=19014.0&xp=41054.0&tool=tracingtool&sid0=101&s0=0
RMDDL,RMDVL,1,https://catmaid.nemanode.org/?pid=129&zp=4740.0&yp=23090.0&xp=36316.0&tool=tracingtool&sid0=101&s0=0
SAADL,SMBDL,3,https://catmaid.nemanode.org/?pid=129&zp=450.0&yp=19400.0&xp=41364.0&tool=tracingtool&sid0=101&s0=0
RIH,CEPDL,1,https://catmaid.nemanode.org/?pid=129&zp=13020.0&yp=17993.0&xp=30572.0&tool=tracingtool&sid0=101&s0=0
RMEV,RMEL,4,https://catmaid.nemanode.org/?pid=129&zp=16410.0&yp=25345.6&xp=36468.6&tool=tracingtool&sid0=101&s0=0
SAAVL,SMBVR,2,https://catmaid.nemanode.org/?pid=129&zp=7950.0&yp=31008.0&xp=52036.0&tool=tracingtool&sid0=101&s0=0
RMER,RMEV,2,https://catmaid.nemanode.org/?pid=129&zp=11010.0&yp=27952.0&xp=38516.0&tool=tracingtool&sid0=101&s0=0
RMEV,RMEL,4,https://catmaid.nemanode.org/?pid=129&zp=11790.0&yp=28051.6&xp=38692.6&tool=tracingtool&sid0=101&s0=0
RMEV,RMEL,4,https://catmaid.nemanode.org/?pid=129&zp=12960.0&yp=27781.6&xp=38478.6&tool=tracingtool&sid0=101&s0=0
RMED,RIPR,1,https://catmaid.nemanode.org/?pid=129&zp=7140.0&yp=27192.0&xp=35336.0&tool=tracingtool&sid0=101&s0=0
AVER,RMDVL,2,https://catmaid.nemanode.org/?pid=129&zp=16890.0&yp=20640.0&xp=35726.0&tool=tracingtool&sid0=101&s0=0
RMDL,RMDVL,1,https://catmaid.nemanode.org/?pid=129&zp=6600.0&yp=18668.0&xp=35054.0&tool=tracingtool&sid0=101&s0=0
RMER,RMEV,2,https://catmaid.nemanode.org/?pid=129&zp=12660.0&yp=18672.0&xp=32328.0&tool=tracingtool&sid0=101&s0=0
SAAVR,RMDVR,2,https://catmaid.nemanode.org/?pid=129&zp=11430.0&yp=28754.0&xp=46740.0&tool=tracingtool&sid0=101&s0=0
SAADL,SMBDL,3,https://catmaid.nemanode.org/?pid=129&zp=2400.0&yp=20310.0&xp=39796.0&tool=tracingtool&sid0=101&s0=0
RMDDR,RMDVR,2,https://catmaid.nemanode.org/?pid=129&zp=9630.0&yp=17768.0&xp=34954.0&tool=tracingtool&sid0=101&s0=0
RMDR,RMDVR,4,https://catmaid.nemanode.org/?pid=129&zp=14520.0&yp=26916.0&xp=40738.0&tool=tracingtool&sid0=101&s0=0
RMDR,RMDVR,4,https://catmaid.nemanode.org/?pid=129&zp=16380.0&yp=25120.0&xp=38890.0&tool=tracingtool&sid0=101&s0=0
SAAVL,SMBVR,2,https://catmaid.nemanode.org/?pid=129&zp=8070.0&yp=31994.0&xp=53664.0&tool=tracingtool&sid0=101&s0=0
RMDDR,SAADR,2,https://catmaid.nemanode.org/?pid=129&zp=15000.0&yp=19856.0&xp=39942.0&tool=tracingtool&sid0=101&s0=0
SAADL,SMBDL,3,https://catmaid.nemanode.org/?pid=129&zp=1680.0&yp=19744.0&xp=40600.0&tool=tracingtool&sid0=101&s0=0
